Well,Layer,Top,Bot,Gross,Saturation,NetPay,Porosity,Permeability,Water Saturation Irreducible
1,LAYER10/0-1,2822.4,2823.8,1.4,OIL,0.5,17.2,2.0,32.37
1,LAYER10/0-1,2826.2,2827.0,0.8,OIL,0.8,15.13,0.47,42.95
2,LAYER10/0-1,2693.8,2694.4,0.6,OIL,0.6,17.5,1.98,45.53
2,LAYER10/0-1,2696.8,2697.8,1.0,OIL,1.0,17.36,4.05,47.57
2,LAYER10/0-1,2703.4,2703.8,0.4,OIL,0.4,18.61,5.79,37.46
2,LAYER10/0-1,2704.4,2705.4,1.0,OIL,1.0,17.71,2.85,47.93
2,LAYER10/0-1,2706.6,2707.0,0.4,OIL,0.4,18.54,5.29,40.16
2,LAYER10/0-1,2711.8,2713.6,1.8,OIL,1.8,18.61,10.37,38.67
2,LAYER10/0-1,2715.2,2716.0,0.8,OIL,0.8,19.0,8.49,37.45
3,LAYER10/0-1,2427.8,2430.8,3.0,OIL,3.0,18.77,10.19,34.85
3,LAYER10/0-1,2434.6,2436.2,1.6,OIL,1.1,18.25,4.57,33.37
4,LAYER10/0-1,2670.6,2671.4,0.8,OIL,0.8,14.96,0.48,53.68
4,LAYER10/0-1,2673.4,2674.4,1.0,OIL,1.0,15.1,0.58,49.22
4,LAYER10/0-1,2675.6,2676.0,0.4,OIL,0.4,15.95,0.95,46.22
4,LAYER10/0-1,2679.2,2679.6,0.4,OIL,0.4,16.25,1.34,45.83
5,LAYER10/0-1,2692.0,2693.2,1.2,OIL,0.65,16.1,0.47,59.66
5,LAYER10/0-1,2701.2,2702.6,1.4,OIL,1.4,16.05,0.75,60.58
5,LAYER10/0-1,2703.1,2703.5,0.4,OIL,0.4,17.12,1.75,43.8
6,LAYER10/0-1,2710.0,2710.8,0.8,OIL,0.8,14.84,0.59,55.78
6,LAYER10/0-1,2711.2,2713.3,2.1,OIL,2.1,14.88,0.75,51.72
6,LAYER10/0-1,2717.3,2720.0,2.7,OIL,2.59,14.93,0.73,48.78
6,LAYER10/0-1,2721.6,2723.2,1.6,OIL,1.6,16.39,1.1,45.86
6,LAYER10/0-1,2724.0,2725.0,1.0,OIL,1.0,15.56,0.76,49.62
6,LAYER10/0-1,2726.6,2727.4,0.8,OIL,0.8,16.71,1.09,47.19
6,LAYER10/0-1,2727.4,2728.0,0.6,OIL,0.6,16.5,1.09,43.37
6,LAYER10/0-1,2729.0,2729.7,0.7,OIL,0.7,15.27,0.42,60.09
6,LAYER10/0-1,2731.0,2731.8,0.8,OIL,0.8,15.75,0.52,51.41
6,LAYER10/0-1,2733.2,2733.6,0.4,OIL,0.4,15.78,0.88,53.02
6,LAYER10/0-1,2734.0,2734.4,0.4,OIL,0.4,15.62,0.87,52.81
6,LAYER10/0-1,2735.8,2737.2,1.4,OIL,1.4,16.68,1.56,42.78
7,LAYER10/0-1,2684.2,2684.8,0.6,OIL,0.6,15.95,0.45,62.4
7,LAYER10/0-1,2693.2,2693.6,0.4,OIL,0.4,14.5,0.6,58.0
7,LAYER10/0-1,2693.6,2694.0,0.4,OIL,0.4,14.6,0.4,63.6
7,LAYER10/0-1,2698.6,2699.2,0.6,OIL,0.6,15.45,0.7,61.9
7,LAYER10/0-1,2699.8,2701.3,1.5,OIL,1.5,15.48,1.25,46.0
8,LAYER10/0-1,2674.0,2674.4,0.4,OIL,0.4,14.56,0.58,57.28
8,LAYER10/0-1,2674.7,2675.1,0.4,OIL,0.4,16.86,1.56,48.87
8,LAYER10/0-1,2675.3,2676.0,0.7,OIL,0.7,15.78,0.76,51.56
8,LAYER10/0-1,2681.6,2682.6,1.0,OIL,1.0,18.4,8.82,35.05
8,LAYER10/0-1,2698.4,2699.8,1.4,OIL,1.4,16.61,3.59,41.47
8,LAYER10/0-1,2701.1,2701.5,0.4,OIL,0.4,16.95,3.21,39.34
8,LAYER10/0-1,2702.8,2703.4,0.6,OIL,0.6,16.43,4.51,46.69
8,LAYER10/0-1,2705.0,2706.3,1.3,OIL,1.3,17.14,8.22,37.33
8,LAYER10/0-1,2708.2,2709.1,0.9,OIL,0.2,16.07,3.65,38.38
9,LAYER10/0-1,2632.0,2638.6,6.6,OIL,6.6,16.88,1.26,49.27
9,LAYER10/0-1,2639.0,2639.6,0.6,OIL,0.5,18.38,2.65,45.74
9,LAYER10/0-1,2646.0,2651.0,5.0,OIL,4.95,16.03,0.78,53.0
9,LAYER10/0-1,2657.4,2659.6,2.2,OIL,2.2,15.95,0.68,59.79
9,LAYER10/0-1,2662.2,2663.6,1.4,OIL,1.25,17.63,0.81,52.35
9,LAYER10/0-1,2672.2,2674.4,2.2,OIL,2.2,15.69,0.9,49.82
9,LAYER10/0-1,2678.6,2680.4,1.8,OIL,1.8,15.47,1.03,42.51
10,LAYER10/0-1,2614.2,2615.0,0.8,OIL,0.8,15.59,0.44,55.09
10,LAYER10/0-1,2628.0,2629.5,1.5,OIL,1.5,15.89,0.8,50.24
10,LAYER10/0-1,2634.4,2636.8,2.4,OIL,2.4,16.94,1.24,47.16
11,LAYER10/0-1,2542.2,2543.0,0.8,OIL,0.8,15.12,17.27,42.96
11,LAYER10/0-1,2544.2,2545.2,1.0,OIL,1.0,14.7,10.78,42.0
11,LAYER10/0-1,2546.0,2546.4,0.4,OIL,0.4,14.5,13.91,40.5
12,LAYER10/0-1,2580.8,2582.0,1.2,OIL,1.2,15.56,2.57,39.1
12,LAYER10/0-1,2583.2,2584.4,1.2,OIL,1.2,16.65,7.1,38.4
12,LAYER10/0-1,2584.8,2585.8,1.0,OIL,0.4,15.93,3.56,44.57
14,LAYER10/1-3,2506.6,2507.2,0.6,OIL,0.6,17.25,1.85,43.85
15,LAYER10/1-3,2661.0,2661.7,0.7,OIL,0.7,15.13,0.83,54.1
15,LAYER10/1-3,2662.1,2662.4,0.3,OIL,0.3,17.75,1.15,48.9
15,LAYER10/1-3,2662.8,2664.0,1.2,OIL,1.2,18.72,2.98,44.4
15,LAYER10/1-3,2665.4,2666.0,0.6,OIL,0.6,19.68,4.78,39.8
15,LAYER10/1-3,2666.0,2668.4,2.4,OIL,2.4,18.09,2.58,47.3
15,LAYER10/1-3,2668.4,2670.0,1.6,OIL,1.6,17.29,3.1,42.03
15,LAYER10/1-3,2670.8,2671.6,0.8,OIL,0.8,16.27,1.29,45.3
15,LAYER10/1-3,2671.6,2673.0,1.4,OIL,1.4,15.93,2.11,46.27
15,LAYER10/1-3,2673.8,2674.6,0.8,OIL,0.8,17.76,6.36,41.2
16,LAYER10/1-3,3106.6,3107.2,0.6,OIL,0.05,18.34,3.28,42.36
16,LAYER10/1-3,3108.4,3108.8,0.4,OIL,0.4,17.36,1.92,45.47
16,LAYER10/1-3,3123.4,3124.0,0.6,OIL,0.6,18.25,6.09,36.74
16,LAYER10/1-3,3124.4,3125.0,0.6,OIL,0.6,17.3,0.92,51.36
17,LAYER10/1-3,2698.0,2699.2,1.2,OIL,1.2,16.79,1.37,41.75
17,LAYER10/1-3,2700.2,2701.8,1.6,OIL,1.6,17.54,1.64,44.55
17,LAYER10/1-3,2701.8,2703.9,2.1,OIL,2.1,16.39,0.74,48.68
17,LAYER10/1-3,2704.3,2706.6,2.3,OIL,2.22,16.73,1.03,45.6
17,LAYER10/1-3,2706.6,2709.8,3.2,OIL,2.12,16.67,0.97,45.84
17,LAYER10/1-3,2714.2,2715.4,1.2,OIL,0.2,18.93,5.28,39.24
18,LAYER10/1-3,2743.6,2744.2,0.6,OIL,0.6,16.46,2.11,40.68
18,LAYER10/1-3,2744.2,2745.2,1.0,OIL,1.0,17.74,2.11,40.79
18,LAYER10/1-3,2745.8,2746.4,0.6,OIL,0.6,19.43,3.02,37.59
18,LAYER10/1-3,2748.2,2748.8,0.6,OIL,0.6,15.25,0.9,45.72
18,LAYER10/1-3,2748.8,2749.6,0.8,OIL,0.8,16.09,0.6,47.05
19,LAYER10/1-3,2469.4,2471.6,2.2,OIL,1.6,17.73,1.57,49.28
19,LAYER10/1-3,2472.4,2472.8,0.4,OIL,0.4,17.07,0.44,60.34
19,LAYER10/1-3,2474.0,2474.6,0.6,OIL,0.6,19.32,3.57,40.69
19,LAYER10/1-3,2475.0,2475.4,0.4,OIL,0.4,17.3,2.61,42.6
20,LAYER10/1-3,2637.8,2638.6,0.8,OIL,0.8,15.2,0.66,50.15
20,LAYER10/1-3,2640.6,2641.4,0.8,OIL,0.8,16.4,1.46,39.8
20,LAYER10/1-3,2641.8,2642.4,0.6,OIL,0.6,17.97,2.93,34.5
20,LAYER10/1-3,2649.2,2650.6,1.4,OIL,1.4,19.0,8.15,36.63
20,LAYER10/1-3,2651.6,2652.4,0.8,OIL,0.6,18.46,3.9,37.5
20,LAYER10/1-3,2656.6,2657.2,0.6,OIL,0.6,19.03,6.13,36.7
22,LAYER10/1-3,2853.6,2854.4,0.8,OIL,0.8,15.62,1.17,47.73
22,LAYER10/1-3,2854.4,2855.0,0.6,OIL,0.04,16.16,1.13,52.26
22,LAYER10/1-3,2857.0,2858.6,1.6,OIL,1.6,16.2,1.1,52.45
22,LAYER10/1-3,2861.8,2866.0,4.2,OIL,3.9,16.42,1.19,51.42
22,LAYER10/1-3,2866.4,2868.6,2.2,OIL,1.8,16.78,1.6,47.72
22,LAYER10/1-3,2872.4,2874.0,1.6,OIL,0.7,16.66,1.42,50.62
22,LAYER10/1-3,2874.6,2875.2,0.6,OIL,0.6,17.64,2.39,46.94
22,LAYER10/1-3,2877.0,2878.0,1.0,OIL,0.88,17.6,2.8,45.85
22,LAYER10/1-3,2878.0,2880.0,2.0,OIL,1.27,17.99,1.92,44.93
23,LAYER10/1-3,2741.7,2742.2,0.5,OIL,0.5,16.47,2.58,44.25
23,LAYER10/1-3,2743.0,2744.0,1.0,OIL,1.0,17.5,0.85,48.86
23,LAYER10/1-3,2744.5,2746.8,2.3,OIL,2.3,18.05,1.92,51.34
23,LAYER10/1-3,2747.2,2749.8,2.6,OIL,2.24,17.98,2.81,41.28
23,LAYER10/1-3,2750.8,2753.1,2.3,OIL,2.3,17.88,1.66,48.11
23,LAYER10/1-3,2753.4,2756.7,3.3,OIL,3.3,17.45,1.16,59.71
23,LAYER10/1-3,2757.0,2757.7,0.7,OIL,0.7,18.19,2.17,45.7
24,LAYER10/1-3,2784.6,2786.0,1.4,OIL,1.4,17.39,0.97,51.23
24,LAYER10/1-3,2786.0,2786.8,0.8,OIL,0.8,17.79,1.61,45.55
24,LAYER10/1-3,2787.6,2788.8,1.2,OIL,1.2,17.63,0.94,49.72
24,LAYER10/1-3,2788.8,2790.4,1.6,OIL,1.6,18.3,1.67,46.68
24,LAYER10/1-3,2790.4,2791.6,1.2,OIL,1.2,17.87,0.88,56.37
25,LAYER10/1-3,2749.8,2751.2,1.4,OIL,1.4,17.21,2.13,41.46
25,LAYER10/1-3,2751.6,2752.6,1.0,OIL,0.73,16.58,1.15,53.5
26,LAYER10/1-3,2707.6,2708.4,0.8,OIL,0.8,14.76,0.72,47.06
26,LAYER10/1-3,2709.0,2709.7,0.7,OIL,0.7,14.91,0.65,50.14
27,LAYER10/1-3,2648.0,2648.6,0.6,OIL,0.6,15.38,0.99,44.71
27,LAYER10/1-3,2649.0,2649.7,0.7,OIL,0.7,15.56,1.21,46.29
27,LAYER10/1-3,2651.0,2651.6,0.6,OIL,0.6,16.94,1.24,45.04
27,LAYER10/1-3,2652.0,2653.2,1.2,OIL,0.87,16.91,1.57,42.07
27,LAYER10/1-3,2653.8,2654.4,0.6,OIL,0.6,17.44,1.85,43.05
27,LAYER10/1-3,2658.3,2659.2,0.9,OIL,0.9,14.94,0.55,48.86
27,LAYER10/1-3,2659.2,2659.8,0.6,OIL,0.6,14.64,0.79,46.91
28,LAYER10/1-3,2708.2,2709.3,1.1,OIL,1.1,17.39,1.73,44.85
28,LAYER10/1-3,2709.3,2710.2,0.9,OIL,0.9,17.42,1.06,53.64
28,LAYER10/1-3,2711.7,2712.2,0.5,OIL,0.5,18.62,3.98,39.63
28,LAYER10/1-3,2714.8,2715.8,1.0,OIL,1.0,17.71,2.91,40.46
28,LAYER10/1-3,2717.0,2717.6,0.6,OIL,0.6,19.61,4.2,40.47
28,LAYER10/1-3,2717.6,2718.4,0.8,OIL,0.8,17.64,0.96,50.13
28,LAYER10/1-3,2721.2,2722.3,1.1,OIL,0.56,18.58,5.64,38.43
28,LAYER10/1-3,2723.0,2724.3,1.3,OIL,1.0,16.9,1.52,50.27
28,LAYER10/1-3,2725.4,2726.8,1.4,OIL,1.4,16.88,1.09,45.87
28,LAYER10/1-3,2726.8,2728.0,1.2,OIL,1.2,17.96,2.83,39.92
28,LAYER10/1-3,2729.2,2730.2,1.0,OIL,1.0,18.4,2.07,36.77
28,LAYER10/1-3,2730.6,2731.7,1.1,OIL,1.1,18.01,2.86,41.78
29,LAYER10/1-3,2472.5,2473.0,0.5,OIL,0.5,14.4,10.33,52.4
31,LAYER10/1-3,2712.6,2714.6,2.0,OIL,2.0,17.79,1.26,52.35
31,LAYER10/1-3,2714.6,2716.2,1.6,OIL,1.6,17.02,0.99,52.87
32,LAYER10/1-3,2602.4,2604.4,2.0,OIL,2.0,17.1,0.9,47.62
32,LAYER10/1-3,2604.4,2606.5,2.1,OIL,1.83,17.62,1.8,44.0
32,LAYER10/1-3,2607.0,2607.4,0.4,OIL,0.4,16.97,2.12,40.96
32,LAYER10/1-3,2608.0,2608.4,0.4,OIL,0.4,17.11,1.67,42.06
32,LAYER10/1-3,2610.6,2612.6,2.0,OIL,2.0,17.69,3.59,38.92
32,LAYER10/1-3,2616.4,2617.3,0.9,OIL,0.16,17.98,1.14,48.71
33,LAYER10/1-3,2689.0,2689.9,0.9,OIL,0.9,17.72,2.7,39.16
33,LAYER10/1-3,2690.9,2691.6,0.7,OIL,0.7,18.33,2.13,44.81
33,LAYER10/1-3,2692.4,2693.0,0.6,OIL,0.6,17.39,0.89,52.76
33,LAYER10/1-3,2695.2,2695.6,0.4,OIL,0.4,19.26,4.13,45.51
33,LAYER10/1-3,2699.0,2700.0,1.0,OIL,1.0,18.57,1.97,47.54
33,LAYER10/1-3,2701.3,2702.2,0.9,OIL,0.9,17.41,1.79,44.44
34,LAYER10/1-3,2648.1,2648.9,0.8,OIL,0.8,17.48,1.34,50.76
35,LAYER10/1-3,2718.8,2719.4,0.6,OIL,0.6,17.6,1.6,63.4
35,LAYER10/1-3,2719.4,2722.0,2.6,OIL,2.6,17.62,1.69,59.62
35,LAYER10/1-3,2722.4,2723.0,0.6,OIL,0.6,16.75,1.03,57.7
35,LAYER10/1-3,2732.4,2735.0,2.6,OIL,0.4,17.14,1.43,58.88
36,LAYER10/1-3,2730.6,2731.2,0.6,OIL,0.6,15.5,0.89,65.8
36,LAYER10/1-3,2731.2,2733.5,2.3,OIL,2.3,16.0,1.05,64.2
36,LAYER10/1-3,2734.1,2735.0,0.9,OIL,0.9,16.4,1.34,60.4
36,LAYER10/1-3,2737.2,2738.8,1.6,OIL,1.6,17.7,1.98,58.1
36,LAYER10/1-3,2747.6,2748.2,0.6,OIL,0.6,14.5,1.34,65.4
36,LAYER10/1-3,2749.6,2750.8,1.2,OIL,1.2,16.55,1.67,63.7
36,LAYER10/1-3,2755.0,2758.0,3.0,OIL,3.0,17.95,2.99,59.35
36,LAYER10/1-3,2758.6,2760.2,1.6,OIL,1.6,16.7,2.21,60.7
37,LAYER10/4,2890.4,2891.0,0.6,OIL,0.6,18.6,4.24,42.56
37,LAYER10/4,2891.3,2891.7,0.4,OIL,0.1,19.01,1.7,48.68
37,LAYER10/4,2892.4,2893.4,1.0,OIL,0.89,19.53,3.01,40.51
37,LAYER10/4,2897.4,2898.4,1.0,OIL,1.0,15.99,0.71,49.46
38,LAYER10/4,2673.4,2674.2,0.8,OIL,0.8,17.9,3.75,43.77
38,LAYER10/4,2675.6,2677.2,1.6,OIL,0.19,16.83,1.77,43.97
38,LAYER10/4,2677.2,2677.8,0.6,OIL,0.4,19.18,4.93,39.64
38,LAYER10/4,2677.8,2683.4,5.6,OIL,5.6,18.89,3.23,43.17
38,LAYER10/4,2683.4,2684.2,0.8,OIL,0.8,20.33,2.71,46.82
38,LAYER10/4,2684.2,2686.4,2.2,OIL,2.2,19.56,6.14,39.16
38,LAYER10/4,2687.6,2688.4,0.8,OIL,0.5,17.06,2.83,47.53
39,LAYER10/4,2589.7,2590.2,0.5,OIL,0.5,17.77,3.26,36.97
39,LAYER10/4,2590.2,2591.0,0.8,OIL,0.8,17.85,5.24,33.81
39,LAYER10/4,2591.5,2591.9,0.4,OIL,0.4,17.55,1.13,43.48
40,LAYER10/4,2767.4,2768.6,1.2,OIL,0.2,16.54,0.55,58.38
40,LAYER10/4,2769.0,2770.8,1.8,OIL,1.1,17.25,3.01,45.08
40,LAYER10/4,2774.6,2776.2,1.6,OIL,0.8,15.97,0.51,58.89
41,LAYER10/4,2698.4,2699.8,1.4,OIL,1.4,18.13,1.45,52.1
41,LAYER10/4,2700.2,2702.6,2.4,OIL,2.4,18.98,3.86,41.2
42,LAYER10/4,2765.8,2767.2,1.4,OIL,0.95,15.86,0.84,56.2
42,LAYER10/4,2770.2,2772.4,2.2,OIL,1.99,15.99,0.57,58.14
43,LAYER10/4,2770.2,2771.0,0.8,OIL,0.8,16.19,1.22,48.82
43,LAYER10/4,2771.4,2772.0,0.6,OIL,0.6,16.46,0.73,52.32
43,LAYER10/4,2772.4,2773.4,1.0,OIL,1.0,16.17,1.98,47.41
43,LAYER10/4,2773.4,2775.0,1.6,OIL,1.6,17.12,1.43,46.39
43,LAYER10/4,2775.6,2780.4,4.8,OIL,3.07,16.56,1.15,46.24
44,LAYER10/4,2593.6,2594.4,0.8,OIL,0.5,15.95,2.12,64.2
44,LAYER10/4,2599.3,2602.1,2.8,OIL,2.8,18.79,11.97,59.45
44,LAYER10/4,2610.8,2611.8,1.0,OIL,1.0,15.63,1.9,62.65
45,LAYER10/4,2695.8,2697.0,1.2,OIL,0.3,16.07,1.3,55.0
45,LAYER10/4,2697.0,2698.4,1.4,OIL,1.4,15.19,0.97,51.3
45,LAYER10/4,2698.8,2699.2,0.4,OIL,0.4,15.15,1.1,47.2
45,LAYER10/4,2700.6,2701.6,1.0,OIL,1.0,16.06,0.96,52.4
45,LAYER10/4,2701.6,2702.5,0.9,OIL,0.9,15.98,1.6,48.06
45,LAYER10/4,2702.5,2703.6,1.1,OIL,1.1,16.11,1.39,47.28
46,LAYER11/1,3162.0,3163.0,1.0,OIL,0.1,18.91,1.43,44.74
46,LAYER11/1,3163.4,3166.6,3.2,OIL,3.2,19.12,4.37,36.16
46,LAYER11/1,3166.6,3169.2,2.6,OIL,2.6,19.22,4.03,36.0
46,LAYER11/1,3173.4,3174.0,0.6,OIL,0.6,18.25,0.88,45.74
46,LAYER11/1,3174.0,3177.0,3.0,OIL,2.78,18.99,1.3,42.11
47,LAYER12/1,2588.9,2589.3,0.4,OIL,0.4,16.03,1.05,61.06
47,LAYER12/1,2590.4,2591.8,1.4,OIL,1.4,17.47,3.11,48.37
47,LAYER12/1,2592.2,2593.3,1.1,OIL,1.1,18.61,1.99,51.01
47,LAYER12/1,2594.4,2595.4,1.0,OIL,0.65,17.77,5.59,38.45
47,LAYER12/1,2595.4,2596.2,0.8,OIL,0.8,16.25,1.66,39.83
49,LAYER12/1,2619.8,2620.3,0.4,OIL,0.5,16.04,2.42,47.02
49,LAYER12/1,2621.2,2621.8,0.8,OIL,0.6,18.34,7.29,35.37
49,LAYER12/1,2621.8,2622.4,0.5,OIL,0.6,17.09,2.39,42.23
49,LAYER12/1,2625.6,2626.2,0.6,OIL,0.6,18.0,3.99,40.34
49,LAYER12/1,2627.3,2628.0,0.8,OIL,0.7,18.07,6.42,37.06
49,LAYER12/1,2630.0,2631.0,1.0,OIL,1.0,17.67,2.42,44.44
49,LAYER12/1,2634.0,2635.4,1.4,OIL,1.4,18.27,5.57,41.92
49,LAYER12/1,2635.4,2636.4,1.0,OIL,1.0,18.53,5.7,38.75
49,LAYER12/1,2638.6,2639.3,0.7,OIL,0.7,16.65,1.97,46.88
49,LAYER12/1,2641.2,2642.4,1.2,OIL,1.2,17.36,5.81,35.74
49,LAYER12/1,2642.4,2643.2,0.8,OIL,0.8,17.37,4.98,43.69
49,LAYER12/1,2644.0,2644.8,0.8,OIL,0.8,17.38,3.76,41.2
49,LAYER12/1,2648.3,2650.0,1.7,OIL,1.7,17.14,4.05,43.05
49,LAYER12/1,2652.4,2653.2,0.8,OIL,0.7,18.01,5.63,39.06
49,LAYER12/1,2655.6,2656.2,0.6,OIL,0.6,18.46,5.83,36.28
49,LAYER12/1,2658.6,2659.6,1.0,OIL,1.0,18.12,8.12,37.31
50,LAYER12/1,2915.0,2915.6,0.6,OIL,0.6,18.18,5.78,42.66
50,LAYER12/1,2916.0,2917.0,1.0,OIL,1.0,18.07,5.46,39.52
50,LAYER12/1,2917.4,2918.4,1.0,OIL,0.78,17.77,4.55,41.52
50,LAYER12/1,2926.6,2928.0,1.4,OIL,1.0,18.87,4.62,42.9
50,LAYER12/1,2931.0,2931.6,0.6,OIL,0.6,16.27,1.32,56.61
50,LAYER12/1,2932.6,2933.6,1.0,OIL,1.0,16.12,2.03,48.04
50,LAYER12/1,2934.0,2934.6,0.6,OIL,0.6,16.46,1.9,51.52
50,LAYER12/1,2935.0,2936.0,1.0,OIL,0.7,15.91,1.84,46.9
50,LAYER12/1,2936.4,2937.4,1.0,OIL,1.0,16.18,2.43,45.87
50,LAYER12/1,2938.2,2939.8,1.6,OIL,1.6,16.66,3.03,44.43
50,LAYER12/1,2939.8,2940.6,0.8,OIL,0.8,15.91,1.92,49.92
50,LAYER12/1,2947.6,2948.4,0.8,OIL,0.8,16.93,2.51,44.56
50,LAYER12/1,2949.0,2949.8,0.8,OIL,0.8,17.32,3.0,45.36
50,LAYER12/1,2950.2,2950.8,0.6,OIL,0.6,17.0,2.44,46.51
50,LAYER12/1,2953.0,2953.4,0.4,OIL,0.4,16.93,1.29,53.97
50,LAYER12/1,2954.6,2955.4,0.8,OIL,0.8,17.05,1.22,50.72
51,LAYER12/1,2633.1,2633.5,0.4,OIL,0.4,16.29,1.14,51.74
51,LAYER12/1,2636.0,2636.6,0.6,OIL,0.6,15.24,0.6,62.47
51,LAYER12/1,2637.0,2637.8,0.8,OIL,0.8,16.77,1.71,50.06
51,LAYER12/1,2638.4,2639.2,0.8,OIL,0.8,16.55,1.29,53.19
51,LAYER12/1,2647.8,2648.4,0.6,OIL,0.6,16.38,1.6,48.38
51,LAYER12/1,2648.8,2649.6,0.8,OIL,0.8,16.42,1.59,47.74
51,LAYER12/1,2652.6,2653.8,1.2,OIL,1.2,16.49,1.17,49.26
51,LAYER12/1,2656.4,2657.0,0.6,OIL,0.6,16.27,1.64,49.67
51,LAYER12/1,2657.0,2657.8,0.8,OIL,0.8,15.94,1.67,51.06
51,LAYER12/1,2657.8,2658.6,0.8,OIL,0.8,15.96,1.26,50.91
51,LAYER12/1,2659.0,2660.0,1.0,OIL,1.0,16.36,1.38,51.81
51,LAYER12/1,2680.5,2681.6,1.1,OIL,1.1,15.91,1.22,52.91
52,LAYER12/1,2602.8,2604.0,1.2,OIL,1.1,15.75,1.27,56.49
53,LAYER12/1,2678.6,2679.4,0.8,OIL,0.8,17.62,3.74,40.0
53,LAYER12/1,2679.4,2682.8,3.4,OIL,3.4,19.78,8.42,36.74
53,LAYER12/1,2683.4,2684.2,0.8,OIL,0.8,18.06,5.38,42.55
53,LAYER12/1,2684.8,2685.4,0.6,OIL,0.6,18.06,4.76,35.8
53,LAYER12/1,2690.4,2691.4,1.0,OIL,1.0,16.98,2.19,42.45
53,LAYER12/1,2691.8,2692.4,0.6,OIL,0.6,16.75,1.74,44.0
53,LAYER12/1,2694.0,2694.6,0.6,OIL,0.6,16.24,1.83,48.0
53,LAYER12/1,2694.6,2696.2,1.6,OIL,1.55,16.04,2.03,45.1
53,LAYER12/1,2698.2,2699.4,1.2,OIL,1.2,17.34,4.1,41.2
53,LAYER12/1,2700.0,2701.2,1.2,OIL,1.2,16.72,2.5,45.45
53,LAYER12/1,2703.6,2705.2,1.6,OIL,1.6,16.87,2.25,46.9
53,LAYER12/1,2706.2,2707.0,0.8,OIL,0.8,17.27,3.09,42.7
53,LAYER12/1,2707.4,2707.8,0.4,OIL,0.4,16.59,1.67,44.0
53,LAYER12/1,2708.4,2709.2,0.8,OIL,0.73,16.7,1.62,48.05
53,LAYER12/1,2711.4,2712.6,1.2,OIL,1.2,17.28,4.58,42.36
53,LAYER12/1,2714.0,2715.0,1.0,OIL,1.0,16.05,1.75,48.7
53,LAYER12/1,2715.6,2716.3,0.7,OIL,0.7,16.23,1.92,46.75
53,LAYER12/1,2723.8,2725.2,1.4,OIL,1.3,17.82,5.47,40.1
53,LAYER12/1,2726.2,2727.4,1.2,OIL,1.2,18.22,4.1,40.66
53,LAYER12/1,2727.4,2728.6,1.2,OIL,1.2,17.16,2.55,44.15
53,LAYER12/1,2728.9,2729.7,0.8,OIL,0.8,18.02,4.56,37.75
53,LAYER12/1,2730.1,2730.5,0.4,OIL,0.39,19.4,5.99,40.5
54,LAYER12/1,2580.6,2581.2,0.6,OIL,0.6,17.43,1.45,51.7
54,LAYER12/1,2583.0,2583.6,0.6,OIL,0.6,17.11,4.83,45.6
54,LAYER12/1,2602.4,2602.8,0.4,OIL,0.4,16.7,3.05,41.2
54,LAYER12/1,2605.0,2605.8,0.8,OIL,0.8,17.14,3.48,45.9
54,LAYER12/1,2607.2,2608.0,0.8,OIL,0.8,16.84,3.2,52.5
54,LAYER12/1,2614.4,2615.2,0.8,OIL,0.8,17.8,8.28,33.65
54,LAYER12/1,2615.2,2616.4,1.2,OIL,1.2,18.21,2.64,47.1
54,LAYER12/1,2619.0,2619.9,0.9,OIL,0.9,18.29,7.95,36.0
54,LAYER12/1,2623.4,2624.0,0.6,OIL,0.6,17.68,2.04,55.3
54,LAYER12/1,2630.2,2632.1,1.9,OIL,1.9,18.53,6.08,46.1
54,LAYER12/1,2639.4,2641.5,2.1,OIL,2.1,17.26,1.83,39.8
55,LAYER12/1,2626.0,2626.6,0.6,OIL,0.14,17.48,4.29,38.05
55,LAYER12/1,2635.4,2636.2,0.8,OIL,0.8,15.68,2.25,42.25
55,LAYER12/1,2636.6,2637.4,0.8,OIL,0.8,15.83,2.13,47.24
55,LAYER12/1,2640.0,2641.0,1.0,OIL,1.0,15.02,2.44,43.15
55,LAYER12/1,2641.0,2641.6,0.6,OIL,0.6,16.45,4.69,40.5
55,LAYER12/1,2641.6,2643.8,2.2,OIL,1.61,18.58,6.95,37.8
55,LAYER12/1,2649.0,2650.0,1.0,OIL,0.5,17.05,2.15,42.89
55,LAYER12/1,2656.0,2657.0,1.0,OIL,1.0,16.23,1.16,46.91
55,LAYER12/1,2658.4,2659.6,1.2,OIL,1.2,16.56,1.34,44.26
55,LAYER12/1,2660.4,2661.0,0.6,OIL,0.6,16.8,4.56,37.89
55,LAYER12/1,2665.8,2666.2,0.4,OIL,0.34,16.63,1.66,48.11
55,LAYER12/1,2666.6,2668.0,1.4,OIL,1.04,16.43,3.37,39.43
56,LAYER12/1,2626.8,2627.6,0.8,OIL,0.6,17.1,2.0,59.0
56,LAYER12/1,2630.4,2631.4,1.0,OIL,1.0,17.94,1.8,59.06
56,LAYER12/1,2638.8,2639.4,0.6,OIL,0.6,17.5,1.4,64.5
56,LAYER12/1,2643.4,2644.0,0.6,OIL,0.6,17.4,1.7,63.3
56,LAYER12/1,2644.6,2646.2,1.6,OIL,1.6,17.9,1.2,63.0
57,LAYER12/1,2635.0,2635.6,0.6,OIL,0.5,16.7,0.96,42.1
57,LAYER12/1,2636.7,2637.6,0.9,OIL,0.9,15.9,0.89,40.1
57,LAYER12/1,2638.0,2638.4,0.4,OIL,0.4,18.0,1.16,56.0
57,LAYER12/1,2651.6,2652.2,0.6,OIL,0.6,18.6,1.73,58.6
57,LAYER12/1,2652.6,2652.9,0.3,OIL,0.3,18.4,1.4,64.0
58,LAYER12/1,2653.8,2657.6,3.8,OIL,3.8,16.05,0.5,64.2
59,LAYER12/1,2636.6,2637.4,0.8,OIL,0.8,17.1,1.06,64.2
59,LAYER12/1,2653.0,2654.2,1.2,OIL,1.2,16.2,16.33,65.7
60,LAYER12/1,2586.6,2588.4,1.8,OIL,1.8,17.85,5.13,55.3
60,LAYER12/1,2589.2,2590.6,1.4,OIL,1.4,17.65,2.4,61.75
60,LAYER12/1,2610.8,2612.0,1.2,OIL,0.6,16.9,3.67,56.4
60,LAYER12/1,2614.0,2615.2,1.2,OIL,1.2,17.85,5.26,53.8
60,LAYER12/1,2615.2,2615.8,0.6,OIL,0.6,16.9,3.21,56.9
60,LAYER12/1,2616.8,2618.0,1.2,OIL,1.2,17.65,3.2,54.95
60,LAYER12/1,2619.8,2620.4,0.6,OIL,0.6,17.2,2.01,60.5
60,LAYER12/1,2621.4,2621.8,0.4,OIL,0.4,17.2,3.4,61.0
60,LAYER12/1,2622.4,2623.8,1.4,OIL,1.4,18.05,3.53,62.6
60,LAYER12/1,2626.0,2627.2,1.2,OIL,1.2,20.2,2.73,61.3
60,LAYER12/1,2630.6,2631.0,0.4,OIL,0.4,17.5,2.27,61.9
61,LAYER12/1,2617.0,2618.8,1.8,OIL,1.0,18.03,2.74,58.9
62,LAYER12/3-5,2807.6,2808.6,1.0,OIL,1.0,18.61,2.04,36.24
62,LAYER12/3-5,2809.0,2811.0,2.0,OIL,2.0,18.43,1.6,38.88
62,LAYER12/3-5,2811.4,2811.8,0.4,OIL,0.4,19.1,0.7,41.03
62,LAYER12/3-5,2813.6,2816.0,2.4,OIL,2.4,17.49,1.25,37.16
62,LAYER12/3-5,2816.4,2816.8,0.4,OIL,0.4,18.2,0.8,48.41
63,LAYER12/3-5,2667.2,2668.0,0.8,OIL,0.8,17.38,4.16,47.51
64,LAYER12/3-5,3509.9,3511.4,1.5,OIL,0.36,18.32,9.3,34.16
64,LAYER12/3-5,3519.7,3520.5,0.8,OIL,0.8,17.19,5.16,39.74
64,LAYER12/3-5,3529.0,3529.6,0.6,OIL,0.6,15.45,0.92,47.95
65,LAYER12/3-5,2579.2,2580.0,0.8,OIL,0.8,17.21,0.58,53.51
66,LAYER12/3-5,2922.0,2922.4,0.4,OIL,0.4,15.94,0.64,51.57
66,LAYER12/3-5,2924.4,2925.0,0.6,OIL,0.6,16.52,0.76,49.48
66,LAYER12/3-5,2926.8,2927.6,0.8,OIL,0.8,17.51,0.85,46.45
66,LAYER12/3-5,2927.6,2928.6,1.0,OIL,1.0,18.56,1.19,47.12
66,LAYER12/3-5,2930.0,2931.6,1.6,OIL,1.6,18.22,1.43,44.19
66,LAYER12/3-5,2932.6,2934.0,1.4,OIL,1.28,18.01,0.97,48.05
66,LAYER12/3-5,2935.0,2935.4,0.4,OIL,0.4,18.14,0.84,46.94
67,LAYER12/3-5,2763.2,2764.1,0.9,OIL,0.9,15.9,0.43,47.69
67,LAYER12/3-5,2765.2,2766.0,0.8,OIL,0.8,16.6,0.64,43.72
67,LAYER12/3-5,2766.4,2766.8,0.4,OIL,0.4,16.2,0.6,45.37
68,LAYER12/3-5,2822.0,2822.8,0.8,OIL,0.8,17.59,1.07,47.18
68,LAYER12/3-5,2823.2,2824.7,1.5,OIL,1.5,17.35,1.58,46.48
68,LAYER12/3-5,2825.1,2827.8,2.7,OIL,2.7,17.48,1.76,44.15
68,LAYER12/3-5,2831.0,2832.3,1.3,OIL,1.3,15.65,0.94,47.38
69,LAYER12/3-5,2754.8,2756.4,1.6,OIL,1.5,17.22,1.15,41.43
69,LAYER12/3-5,2756.4,2758.6,2.2,OIL,1.5,16.64,2.31,37.85
69,LAYER12/3-5,2759.2,2761.2,2.0,OIL,2.0,17.56,2.76,38.2
70,LAYER12/3-5,3325.4,3326.0,0.6,OIL,0.6,15.42,0.55,51.9
70,LAYER12/3-5,3327.8,3328.4,0.6,OIL,0.6,15.8,0.76,50.62
70,LAYER12/3-5,3332.0,3332.8,0.8,OIL,0.8,15.49,0.57,51.15
70,LAYER12/3-5,3334.0,3334.6,0.6,OIL,0.51,15.5,0.56,55.11
70,LAYER12/3-5,3335.0,3335.6,0.6,OIL,0.6,16.93,0.92,45.59
70,LAYER12/3-5,3335.6,3336.2,0.6,OIL,0.6,17.06,0.77,50.05
70,LAYER12/3-5,3339.2,3339.8,0.6,OIL,0.6,15.96,0.62,49.92
71,LAYER12/3-5,2789.2,2789.6,0.4,OIL,0.4,18.11,0.74,55.22
71,LAYER12/3-5,2790.2,2791.2,1.0,OIL,1.0,17.87,7.48,32.64
71,LAYER12/3-5,2792.0,2792.6,0.6,OIL,0.6,17.64,1.47,50.35
71,LAYER12/3-5,2793.0,2793.4,0.4,OIL,0.4,18.31,1.55,44.29
71,LAYER12/3-5,2798.0,2799.4,1.4,OIL,0.9,17.93,5.59,35.51
72,LAYER12/3-5,3045.6,3046.2,0.6,OIL,0.6,16.88,0.92,50.23
73,LAYER12/3-5,2810.3,2812.4,2.1,OIL,2.0,16.61,1.01,50.81
73,LAYER12/3-5,2815.1,2818.1,3.0,OIL,2.87,17.18,1.17,52.25
73,LAYER12/3-5,2819.8,2821.0,1.2,OIL,1.2,16.79,4.93,39.89
73,LAYER12/3-5,2821.0,2823.2,2.2,OIL,2.2,15.93,1.86,46.27
73,LAYER12/3-5,2823.6,2828.8,5.2,OIL,5.2,16.14,1.5,47.61
73,LAYER12/3-5,2828.8,2830.0,1.2,OIL,1.2,17.25,0.78,56.49
73,LAYER12/3-5,2831.8,2834.6,2.8,OIL,2.8,18.32,2.11,46.93
74,LAYER12/3-5,2735.3,2736.1,0.8,OIL,0.8,15.77,0.57,56.16
74,LAYER12/3-5,2737.8,2738.8,1.0,OIL,1.0,17.51,1.38,47.97
74,LAYER12/3-5,2739.2,2739.8,0.6,OIL,0.6,17.5,0.68,60.39
74,LAYER12/3-5,2740.1,2740.5,0.4,OIL,0.32,18.17,1.25,48.21
74,LAYER12/3-5,2741.5,2743.0,1.5,OIL,1.5,16.77,0.79,51.68
74,LAYER12/3-5,2743.0,2744.0,1.0,OIL,1.0,17.83,1.28,43.02
74,LAYER12/3-5,2752.7,2753.1,0.4,OIL,0.4,16.48,0.97,47.48
74,LAYER12/3-5,2753.9,2755.1,1.2,OIL,1.2,16.26,0.65,50.97
74,LAYER12/3-5,2756.2,2756.8,0.6,OIL,0.6,16.74,0.92,47.49
75,LAYER12/3-5,2664.2,2667.2,3.0,OIL,1.0,15.6,0.65,59.0
75,LAYER12/3-5,2668.6,2669.8,1.2,OIL,1.2,14.5,0.53,61.1
76,LAYER12/3-5,2687.0,2687.5,0.5,OIL,0.5,17.17,1.31,62.8
76,LAYER12/3-5,2687.7,2690.2,2.5,OIL,2.5,17.13,1.54,59.54
76,LAYER12/3-5,2690.6,2691.4,0.8,OIL,0.8,17.47,1.46,58.13
76,LAYER12/3-5,2691.4,2693.8,2.4,OIL,2.4,16.9,1.36,62.15
76,LAYER12/3-5,2694.6,2695.4,0.8,OIL,0.8,17.65,1.24,62.33
76,LAYER12/3-5,2696.0,2696.8,0.8,OIL,0.8,18.08,1.18,63.48
77,LAYER12/3-5,2711.4,2712.0,0.6,OIL,0.6,14.9,0.77,51.2
77,LAYER12/3-5,2712.6,2713.4,0.8,OIL,0.8,15.57,0.76,65.2
78,LAYER12/3-5,2619.8,2625.6,5.8,OIL,4.6,17.34,2.56,54.76
78,LAYER12/3-5,2626.0,2626.8,0.8,OIL,0.8,16.97,2.3,58.3
78,LAYER12/3-5,2627.2,2628.1,0.9,OIL,0.9,16.93,2.43,54.28
79,LAYER12/3-5,2664.5,2667.6,3.1,OIL,3.1,17.13,1.44,47.2
79,LAYER12/3-5,2669.0,2673.6,4.6,OIL,4.6,18.86,2.79,41.59
79,LAYER12/3-5,2676.4,2680.8,4.4,OIL,4.4,18.13,1.28,48.17
79,LAYER12/3-5,2681.7,2682.6,0.9,OIL,0.9,18.66,2.17,44.33
79,LAYER12/3-5,2683.8,2688.8,5.0,OIL,4.54,17.94,1.44,46.78
79,LAYER12/3-5,2689.4,2690.2,0.8,OIL,0.8,18.41,1.25,47.77
80,LAYER12/3-5,2726.8,2727.8,1.0,OIL,1.0,15.08,0.67,54.34
81,LAYER12/3-5,2723.1,2724.7,1.6,OIL,1.5,16.31,1.46,48.16
81,LAYER12/3-5,2725.5,2727.6,2.1,OIL,2.1,16.71,2.18,44.04
81,LAYER12/3-5,2728.3,2729.6,1.3,OIL,1.3,17.64,1.52,45.44
81,LAYER12/3-5,2730.4,2731.3,0.9,OIL,0.9,16.71,2.59,37.97
81,LAYER12/3-5,2731.7,2732.8,1.1,OIL,1.1,17.46,2.46,41.93
82,LAYER12/3-5,2701.0,2703.4,2.4,WATER,2.4,17.85,1.27,42.68
82,LAYER12/3-5,2703.4,2706.2,2.8,WATER,2.8,17.21,1.68,38.86
82,LAYER12/3-5,2706.2,2708.8,2.6,WATER,2.6,18.89,3.06,36.26
83,LAYER12/3-5,2715.2,2718.5,3.3,OIL,3.3,15.85,2.91,54.9
83,LAYER12/3-5,2718.5,2719.6,1.1,OIL,0.5,14.5,2.08,62.5
84,LAYER12/3-5,2726.8,2727.6,0.8,OIL,0.8,17.1,1.26,64.3
84,LAYER12/3-5,2729.0,2729.6,0.6,OIL,0.6,16.3,1.46,62.2
85,LAYER12/3-5,2755.0,2756.2,1.2,OIL,1.1,16.7,0.41,54.5
